{
 "cwaopendata": {
  "@xmlns": "urn:cwa:gov:tw:cwacommon:0.1",
  "identifier": "a3d2abe1-d1e2-cef6-c7ba-4746ec1e1d2a",
  "sender": "weather@cwa.gov.tw",
  "sent": "2024-08-30T04:57:02+08:00",
  "status": "Actual",
  "msgType": "Issue",
  "source": "MFC",
  "dataid": "C0032-001",
  "scope": "Public",
  "dataset": {
   "datasetInfo": {
    "datasetDescription": "三十六小時天氣預報",
    "issueTime": "2024-08-30T05:00:00+08:00",
    "update": "2024-08-30T04:57:02+08:00"
   },
   "location": [
    {
     "locationName": "臺北市",
     "weatherElement": [
      {
       "elementName": "Wx",
       "time": [
        {
         "startTime": "2024-08-30T06:00:00+08:00",
         "endTime": "2024-08-30T18:00:00+08:00",
         "parameter": {
          "parameterName": "多雲午後短暫雷陣雨",
          "parameterValue": "22"
         }
        },
        {
         "startTime": "2024-08-30T18:00:00+08:00",
         "endTime": "2024-08-31T06:00:00+08:00",
         "parameter": {
          "parameterName": "晴時多雲",
          "parameterValue": "2"
         }
        },
        {
         "startTime": "2024-08-31T06:00:00+08:00",
         "endTime": "2024-08-31T18:00:00+08:00",
         "parameter": {
          "parameterName": "晴時多雲",
          "parameterValue": "2"
         }
        }
       ]
      },
      {
       "elementName": "MaxT",
       "time": [
        {
         "startTime": "2024-08-30T06:00:00+08:00",
         "endTime": "2024-08-30T18:00:00+08:00",
         "parameter": {
          "parameterName": "36",
          "parameterUnit": "C"
         }
        },
        {
         "startTime": "2024-08-30T18:00:00+08:00",
         "endTime": "2024-08-31T06:00:00+08:00",
         "parameter": {
          "parameterName": "31",
          "parameterUnit": "C"
         }
        },
        {
         "startTime": "2024-08-31T06:00:00+08:00",
         "endTime": "2024-08-31T18:00:00+08:00",
         "parameter": {
          "parameterName": "35",
          "parameterUnit": "C"
         }
        }
       ]
      },
      {
       "elementName": "MinT",
       "time": [
        {
         "startTime": "2024-08-30T06:00:00+08:00",
         "endTime": "2024-08-30T18:00:00+08:00",
         "parameter": {
          "parameterName": "27",
          "parameterUnit": "C"
         }
        },
        {
         "startTime": "2024-08-30T18:00:00+08:00",
         "endTime": "2024-08-31T06:00:00+08:00",
         "parameter": {
          "parameterName": "27",
          "parameterUnit": "C"
         }
        },
        {
         "startTime": "2024-08-31T06:00:00+08:00",
         "endTime": "2024-08-31T18:00:00+08:00",
         "parameter": {
          "parameterName": "27",
          "parameterUnit": "C"
         }
        }
       ]
      },
      {
       "elementName": "CI",
       "time": [
        {
         "startTime": "2024-08-30T06:00:00+08:00",
         "endTime": "2024-08-30T18:00:00+08:00",
         "parameter": {
          "parameterName": "舒適至易中暑"
         }
        },
        {
         "startTime": "2024-08-30T18:00:00+08:00",
         "endTime": "2024-08-31T06:00:00+08:00",
         "parameter": {
          "parameterName": "舒適至悶熱"
         }
        },
        {
         "startTime": "2024-08-31T06:00:00+08:00",
         "endTime": "2024-08-31T18:00:00+08:00",
         "parameter": {
          "parameterName": "舒適至易中暑"
         }
        }
       ]
      },
      {
       "elementName": "PoP",
       "time": [
        {
         "startTime": "2024-08-30T06:00:00+08:00",
         "endTime": "2024-08-30T18:00:00+08:00",
         "parameter": {
          "parameterName": "30",
          "parameterUnit": "百分比"
         }
        },
        {
         "startTime": "2024-08-30T18:00:00+08:00",
         "endTime": "2024-08-31T06:00:00+08:00",
         "parameter": {
          "parameterName": "10",
          "parameterUnit": "百分比"
         }
        },
        {
         "startTime": "2024-08-31T06:00:00+08:00",
         "endTime": "2024-08-31T18:00:00+08:00",
         "parameter": {
          "parameterName": "20",
          "parameterUnit": "百分比"
         }
        }
       ]
      }
     ]
    },
    {
     "locationName": "新北市",
     "weatherElement": [
      {
       "elementName": "Wx",
       "time": [
        {
         "startTime": "2024-08-30T06:00:00+08:00",
         "endTime": "2024-08-30T18:00:00+08:00",
         "parameter": {
          "parameterName": "多雲午後短暫雷陣雨",
          "parameterValue": "22"
         }
        },
        {
         "startTime": "2024-08-30T18:00:00+08:00",
         "endTime": "2024-08-31T06:00:00+08:00",
         "parameter": {
          "parameterName": "晴時多雲",
          "parameterValue": "2"
         }
        },
        {
         "startTime": "2024-08-31T06:00:00+08:00",
         "endTime": "2024-08-31T18:00:00+08:00",
         "parameter": {
          "parameterName": "晴時多雲",
          "parameterValue": "2"
         }
        }
       ]
      },
      {
       "elementName": "MaxT",
       "time": [
        {
         "startTime": "2024-08-30T06:00:00+08:00",
         "endTime": "2024-08-30T18:00:00+08:00",
         "parameter": {
          "parameterName": "34",
          "parameterUnit": "C"
         }
        },
        {
         "startTime": "2024-08-30T18:00:00+08:00",
         "endTime": "2024-08-31T06:00:00+08:00",
         "parameter": {
          "parameterName": "31",
          "parameterUnit": "C"
         }
        },
        {
         "startTime": "2024-08-31T06:00:00+08:00",
         "endTime": "2024-08-31T18:00:00+08:00",
         "parameter": {
          "parameterName": "35",
          "parameterUnit": "C"
         }
        }
       ]
      },
      {
       "elementName": "MinT",
       "time": [
        {
         "startTime": "2024-08-30T06:00:00+08:00",
         "endTime": "2024-08-30T18:00:00+08:00",
         "parameter": {
          "parameterName": "27",
          "parameterUnit": "C"
         }
        },
        {
         "startTime": "2024-08-30T18:00:00+08:00",
         "endTime": "2024-08-31T06:00:00+08:00",
         "parameter": {
          "parameterName": "27",
          "parameterUnit": "C"
         }
        },
        {
         "startTime": "2024-08-31T06:00:00+08:00",
         "endTime": "2024-08-31T18:00:00+08:00",
         "parameter": {
          "parameterName": "27",
          "parameterUnit": "C"
         }
        }
       ]
      },
      {
       "elementName": "CI",
       "time": [
        {
         "startTime": "2024-08-30T06:00:00+08:00",
         "endTime": "2024-08-30T18:00:00+08:00",
         "parameter": {
          "parameterName": "舒適至悶熱"
         }
        },
        {
         "startTime": "2024-08-30T18:00:00+08:00",
         "endTime": "2024-08-31T06:00:00+08:00",
         "parameter": {
          "parameterName": "舒適至悶熱"
         }
        },
        {
         "startTime": "2024-08-31T06:00:00+08:00",
         "endTime": "2024-08-31T18:00:00+08:00",
         "parameter": {
          "parameterName": "舒適至易中暑"
         }
        }
       ]
      },
      {
       "elementName": "PoP",
       "time": [
        {
         "startTime": "2024-08-30T06:00:00+08:00",
         "endTime": "2024-08-30T18:00:00+08:00",
         "parameter": {
          "parameterName": "30",
          "parameterUnit": "百分比"
         }
        },
        {
         "startTime": "2024-08-30T18:00:00+08:00",
         "endTime": "2024-08-31T06:00:00+08:00",
         "parameter": {
          "parameterName": "10",
          "parameterUnit": "百分比"
         }
        },
        {
         "startTime": "2024-08-31T06:00:00+08:00",
         "endTime": "2024-08-31T18:00:00+08:00",
         "parameter": {
          "parameterName": "20",
          "parameterUnit": "百分比"
         }
        }
       ]
      }
     ]
    },
    {
     "locationName": "桃園市",
     "weatherElement": [
      {
       "elementName": "Wx",
       "time": [
        {
         "startTime": "2024-08-30T06:00:00+08:00",
         "endTime": "2024-08-30T18:00:00+08:00",
         "parameter": {
          "parameterName": "晴時多雲",
          "parameterValue": "2"
         }
        },
        {
         "startTime": "2024-08-30T18:00:00+08:00",
         "endTime": "2024-08-31T06:00:00+08:00",
         "parameter": {
          "parameterName": "晴時多雲",
          "parameterValue": "2"
         }
        },
        {
         "startTime": "2024-08-31T06:00:00+08:00",
         "endTime": "2024-08-31T18:00:00+08:00",
         "parameter": {
          "parameterName": "晴時多雲",
          "parameterValue": "2"
         }
        }
       ]
      },
      {
       "elementName": "MaxT",
       "time": [
        {
         "startTime": "2024-08-30T06:00:00+08:00",
         "endTime": "2024-08-30T18:00:00+08:00",
         "parameter": {
          "parameterName": "34",
          "parameterUnit": "C"
         }
        },
        {
         "startTime": "2024-08-30T18:00:00+08:00",
         "endTime": "2024-08-31T06:00:00+08:00",
         "parameter": {
          "parameterName": "30",
          "parameterUnit": "C"
         }
        },
        {
         "startTime": "2024-08-31T06:00:00+08:00",
         "endTime": "2024-08-31T18:00:00+08:00",
         "parameter": {
          "parameterName": "34",
          "parameterUnit": "C"
         }
        }
       ]
      },
      {
       "elementName": "MinT",
       "time": [
        {
         "startTime": "2024-08-30T06:00:00+08:00",
         "endTime": "2024-08-30T18:00:00+08:00",
         "parameter": {
          "parameterName": "26",
          "parameterUnit": "C"
         }
        },
        {
         "startTime": "2024-08-30T18:00:00+08:00",
         "endTime": "2024-08-31T06:00:00+08:00",
         "parameter": {
          "parameterName": "26",
          "parameterUnit": "C"
         }
        },
        {
         "startTime": "2024-08-31T06:00:00+08:00",
         "endTime": "2024-08-31T18:00:00+08:00",
         "parameter": {
          "parameterName": "26",
          "parameterUnit": "C"
         }
        }
       ]
      },
      {
       "elementName": "CI",
       "time": [
        {
         "startTime": "2024-08-30T06:00:00+08:00",
         "endTime": "2024-08-30T18:00:00+08:00",
         "parameter": {
          "parameterName": "舒適至悶熱"
         }
        },
        {
         "startTime": "2024-08-30T18:00:00+08:00",
         "endTime": "2024-08-31T06:00:00+08:00",
         "parameter": {
          "parameterName": "舒適至悶熱"
         }
        },
        {
         "startTime": "2024-08-31T06:00:00+08:00",
         "endTime": "2024-08-31T18:00:00+08:00",
         "parameter": {
          "parameterName": "舒適至悶熱"
         }
        }
       ]
      },
      {
       "elementName": "PoP",
       "time": [
        {
         "startTime": "2024-08-30T06:00:00+08:00",
         "endTime": "2024-08-30T18:00:00+08:00",
         "parameter": {
          "parameterName": "20",
          "parameterUnit": "百分比"
         }
        },
        {
         "startTime": "2024-08-30T18:00:00+08:00",
         "endTime": "2024-08-31T06:00:00+08:00",
         "parameter": {
          "parameterName": "10",
          "parameterUnit": "百分比"
         }
        },
        {
         "startTime": "2024-08-31T06:00:00+08:00",
         "endTime": "2024-08-31T18:00:00+08:00",
         "parameter": {
          "parameterName": "20",
          "parameterUnit": "百分比"
         }
        }
       ]
      }
     ]
    },
    {
     "locationName": "臺中市",
     "weatherElement": [
      {
       "elementName": "Wx",
       "time": [
        {
         "startTime": "2024-08-30T06:00:00+08:00",
         "endTime": "2024-08-30T18:00:00+08:00",
         "parameter": {
          "parameterName": "晴時多雲",
          "parameterValue": "2"
         }
        },
        {
         "startTime": "2024-08-30T18:00:00+08:00",
         "endTime": "2024-08-31T06:00:00+08:00",
         "parameter": {
          "parameterName": "晴時多雲",
          "parameterValue": "2"
         }
        },
        {
         "startTime": "2024-08-31T06:00:00+08:00",
         "endTime": "2024-08-31T18:00:00+08:00",
         "parameter": {
          "parameterName": "晴時多雲",
          "parameterValue": "2"
         }
        }
       ]
      },
      {
       "elementName": "MaxT",
       "time": [
        {
         "startTime": "2024-08-30T06:00:00+08:00",
         "endTime": "2024-08-30T18:00:00+08:00",
         "parameter": {
          "parameterName": "34",
          "parameterUnit": "C"
         }
        },
        {
         "startTime": "2024-08-30T18:00:00+08:00",
         "endTime": "2024-08-31T06:00:00+08:00",
         "parameter": {
          "parameterName": "31",
          "parameterUnit": "C"
         }
        },
        {
         "startTime": "2024-08-31T06:00:00+08:00",
         "endTime": "2024-08-31T18:00:00+08:00",
         "parameter": {
          "parameterName": "34",
          "parameterUnit": "C"
         }
        }
       ]
      },
      {
       "elementName": "MinT",
       "time": [
        {
         "startTime": "2024-08-30T06:00:00+08:00",
         "endTime": "2024-08-30T18:00:00+08:00",
         "parameter": {
          "parameterName": "27",
          "parameterUnit": "C"
         }
        },
        {
         "startTime": "2024-08-30T18:00:00+08:00",
         "endTime": "2024-08-31T06:00:00+08:00",
         "parameter": {
          "parameterName": "27",
          "parameterUnit": "C"
         }
        },
        {
         "startTime": "2024-08-31T06:00:00+08:00",
         "endTime": "2024-08-31T18:00:00+08:00",
         "parameter": {
          "parameterName": "27",
          "parameterUnit": "C"
         }
        }
       ]
      },
      {
       "elementName": "CI",
       "time": [
        {
         "startTime": "2024-08-30T06:00:00+08:00",
         "endTime": "2024-08-30T18:00:00+08:00",
         "parameter": {
          "parameterName": "舒適至悶熱"
         }
        },
        {
         "startTime": "2024-08-30T18:00:00+08:00",
         "endTime": "2024-08-31T06:00:00+08:00",
         "parameter": {
          "parameterName": "舒適至悶熱"
         }
        },
        {
         "startTime": "2024-08-31T06:00:00+08:00",
         "endTime": "2024-08-31T18:00:00+08:00",
         "parameter": {
          "parameterName": "舒適至悶熱"
         }
        }
       ]
      },
      {
       "elementName": "PoP",
       "time": [
        {
         "startTime": "2024-08-30T06:00:00+08:00",
         "endTime": "2024-08-30T18:00:00+08:00",
         "parameter": {
          "parameterName": "20",
          "parameterUnit": "百分比"
         }
        },
        {
         "startTime": "2024-08-30T18:00:00+08:00",
         "endTime": "2024-08-31T06:00:00+08:00",
         "parameter": {
          "parameterName": "10",
          "parameterUnit": "百分比"
         }
        },
        {
         "startTime": "2024-08-31T06:00:00+08:00",
         "endTime": "2024-08-31T18:00:00+08:00",
         "parameter": {
          "parameterName": "20",
          "parameterUnit": "百分比"
         }
        }
       ]
      }
     ]
    },
    {
     "locationName": "臺南市",
     "weatherElement": [
      {
       "elementName": "Wx",
       "time": [
        {
         "startTime": "2024-08-30T06:00:00+08:00",
         "endTime": "2024-08-30T18:00:00+08:00",
         "parameter": {
          "parameterName": "晴時多雲",
          "parameterValue": "2"
         }
        },
        {
         "startTime": "2024-08-30T18:00:00+08:00",
         "endTime": "2024-08-31T06:00:00+08:00",
         "parameter": {
          "parameterName": "晴時多雲",
          "parameterValue": "2"
         }
        },
        {
         "startTime": "2024-08-31T06:00:00+08:00",
         "endTime": "2024-08-31T18:00:00+08:00",
         "parameter": {
          "parameterName": "晴時多雲",
          "parameterValue": "2"
         }
        }
       ]
      },
      {
       "elementName": "MaxT",
       "time": [
        {
         "startTime": "2024-08-30T06:00:00+08:00",
         "endTime": "2024-08-30T18:00:00+08:00",
         "parameter": {
          "parameterName": "32",
          "parameterUnit": "C"
         }
        },
        {
         "startTime": "2024-08-30T18:00:00+08:00",
         "endTime": "2024-08-31T06:00:00+08:00",
         "parameter": {
          "parameterName": "30",
          "parameterUnit": "C"
         }
        },
        {
         "startTime": "2024-08-31T06:00:00+08:00",
         "endTime": "2024-08-31T18:00:00+08:00",
         "parameter": {
          "parameterName": "34",
          "parameterUnit": "C"
         }
        }
       ]
      },
      {
       "elementName": "MinT",
       "time": [
        {
         "startTime": "2024-08-30T06:00:00+08:00",
         "endTime": "2024-08-30T18:00:00+08:00",
         "parameter": {
          "parameterName": "28",
          "parameterUnit": "C"
         }
        },
        {
         "startTime": "2024-08-30T18:00:00+08:00",
         "endTime": "2024-08-31T06:00:00+08:00",
         "parameter": {
          "parameterName": "27",
          "parameterUnit": "C"
         }
        },
        {
         "startTime": "2024-08-31T06:00:00+08:00",
         "endTime": "2024-08-31T18:00:00+08:00",
         "parameter": {
          "parameterName": "27",
          "parameterUnit": "C"
         }
        }
       ]
      },
      {
       "elementName": "CI",
       "time": [
        {
         "startTime": "2024-08-30T06:00:00+08:00",
         "endTime": "2024-08-30T18:00:00+08:00",
         "parameter": {
          "parameterName": "悶熱"
         }
        },
        {
         "startTime": "2024-08-30T18:00:00+08:00",
         "endTime": "2024-08-31T06:00:00+08:00",
         "parameter": {
          "parameterName": "舒適至悶熱"
         }
        },
        {
         "startTime": "2024-08-31T06:00:00+08:00",
         "endTime": "2024-08-31T18:00:00+08:00",
         "parameter": {
          "parameterName": "舒適至悶熱"
         }
        }
       ]
      },
      {
       "elementName": "PoP",
       "time": [
        {
         "startTime": "2024-08-30T06:00:00+08:00",
         "endTime": "2024-08-30T18:00:00+08:00",
         "parameter": {
          "parameterName": "20",
          "parameterUnit": "百分比"
         }
        },
        {
         "startTime": "2024-08-30T18:00:00+08:00",
         "endTime": "2024-08-31T06:00:00+08:00",
         "parameter": {
          "parameterName": "10",
          "parameterUnit": "百分比"
         }
        },
        {
         "startTime": "2024-08-31T06:00:00+08:00",
         "endTime": "2024-08-31T18:00:00+08:00",
         "parameter": {
          "parameterName": "20",
          "parameterUnit": "百分比"
         }
        }
       ]
      }
     ]
    },
    {
     "locationName": "高雄市",
     "weatherElement": [
      {
       "elementName": "Wx",
       "time": [
        {
         "startTime": "2024-08-30T06:00:00+08:00",
         "endTime": "2024-08-30T18:00:00+08:00",
         "parameter": {
          "parameterName": "晴午後短暫雷陣雨",
          "parameterValue": "21"
         }
        },
        {
         "startTime": "2024-08-30T18:00:00+08:00",
         "endTime": "2024-08-31T06:00:00+08:00",
         "parameter": {
          "parameterName": "晴時多雲",
          "parameterValue": "2"
         }
        },
        {
         "startTime": "2024-08-31T06:00:00+08:00",
         "endTime": "2024-08-31T18:00:00+08:00",
         "parameter": {
          "parameterName": "晴時多雲",
          "parameterValue": "2"
         }
        }
       ]
      },
      {
       "elementName": "MaxT",
       "time": [
        {
         "startTime": "2024-08-30T06:00:00+08:00",
         "endTime": "2024-08-30T18:00:00+08:00",
         "parameter": {
          "parameterName": "33",
          "parameterUnit": "C"
         }
        },
        {
         "startTime": "2024-08-30T18:00:00+08:00",
         "endTime": "2024-08-31T06:00:00+08:00",
         "parameter": {
          "parameterName": "31",
          "parameterUnit": "C"
         }
        },
        {
         "startTime": "2024-08-31T06:00:00+08:00",
         "endTime": "2024-08-31T18:00:00+08:00",
         "parameter": {
          "parameterName": "34",
          "parameterUnit": "C"
         }
        }
       ]
      },
      {
       "elementName": "MinT",
       "time": [
        {
         "startTime": "2024-08-30T06:00:00+08:00",
         "endTime": "2024-08-30T18:00:00+08:00",
         "parameter": {
          "parameterName": "28",
          "parameterUnit": "C"
         }
        },
        {
         "startTime": "2024-08-30T18:00:00+08:00",
         "endTime": "2024-08-31T06:00:00+08:00",
         "parameter": {
          "parameterName": "28",
          "parameterUnit": "C"
         }
        },
        {
         "startTime": "2024-08-31T06:00:00+08:00",
         "endTime": "2024-08-31T18:00:00+08:00",
         "parameter": {
          "parameterName": "28",
          "parameterUnit": "C"
         }
        }
       ]
      },
      {
       "elementName": "CI",
       "time": [
        {
         "startTime": "2024-08-30T06:00:00+08:00",
         "endTime": "2024-08-30T18:00:00+08:00",
         "parameter": {
          "parameterName": "悶熱"
         }
        },
        {
         "startTime": "2024-08-30T18:00:00+08:00",
         "endTime": "2024-08-31T06:00:00+08:00",
         "parameter": {
          "parameterName": "舒適至悶熱"
         }
        },
        {
         "startTime": "2024-08-31T06:00:00+08:00",
         "endTime": "2024-08-31T18:00:00+08:00",
         "parameter": {
          "parameterName": "舒適至易中暑"
         }
        }
       ]
      },
      {
       "elementName": "PoP",
       "time": [
        {
         "startTime": "2024-08-30T06:00:00+08:00",
         "endTime": "2024-08-30T18:00:00+08:00",
         "parameter": {
          "parameterName": "40",
          "parameterUnit": "百分比"
         }
        },
        {
         "startTime": "2024-08-30T18:00:00+08:00",
         "endTime": "2024-08-31T06:00:00+08:00",
         "parameter": {
          "parameterName": "10",
          "parameterUnit": "百分比"
         }
        },
        {
         "startTime": "2024-08-31T06:00:00+08:00",
         "endTime": "2024-08-31T18:00:00+08:00",
         "parameter": {
          "parameterName": "20",
          "parameterUnit": "百分比"
         }
        }
       ]
      }
     ]
    },
    {
     "locationName": "基隆市",
     "weatherElement": [
      {
       "elementName": "Wx",
       "time": [
        {
         "startTime": "2024-08-30T06:00:00+08:00",
         "endTime": "2024-08-30T18:00:00+08:00",
         "parameter": {
          "parameterName": "晴時多雲",
          "parameterValue": "2"
         }
        },
        {
         "startTime": "2024-08-30T18:00:00+08:00",
         "endTime": "2024-08-31T06:00:00+08:00",
         "parameter": {
          "parameterName": "晴時多雲",
          "parameterValue": "2"
         }
        },
        {
         "startTime": "2024-08-31T06:00:00+08:00",
         "endTime": "2024-08-31T18:00:00+08:00",
         "parameter": {
          "parameterName": "晴時多雲",
          "parameterValue": "2"
         }
        }
       ]
      },
      {
       "elementName": "MaxT",
       "time": [
        {
         "startTime": "2024-08-30T06:00:00+08:00",
         "endTime": "2024-08-30T18:00:00+08:00",
         "parameter": {
          "parameterName": "32",
          "parameterUnit": "C"
         }
        },
        {
         "startTime": "2024-08-30T18:00:00+08:00",
         "endTime": "2024-08-31T06:00:00+08:00",
         "parameter": {
          "parameterName": "30",
          "parameterUnit": "C"
         }
        },
        {
         "startTime": "2024-08-31T06:00:00+08:00",
         "endTime": "2024-08-31T18:00:00+08:00",
         "parameter": {
          "parameterName": "33",
          "parameterUnit": "C"
         }
        }
       ]
      },
      {
       "elementName": "MinT",
       "time": [
        {
         "startTime": "2024-08-30T06:00:00+08:00",
         "endTime": "2024-08-30T18:00:00+08:00",
         "parameter": {
          "parameterName": "27",
          "parameterUnit": "C"
         }
        },
        {
         "startTime": "2024-08-30T18:00:00+08:00",
         "endTime": "2024-08-31T06:00:00+08:00",
         "parameter": {
          "parameterName": "27",
          "parameterUnit": "C"
         }
        },
        {
         "startTime": "2024-08-31T06:00:00+08:00",
         "endTime": "2024-08-31T18:00:00+08:00",
         "parameter": {
          "parameterName": "27",
          "parameterUnit": "C"
         }
        }
       ]
      },
      {
       "elementName": "CI",
       "time": [
        {
         "startTime": "2024-08-30T06:00:00+08:00",
         "endTime": "2024-08-30T18:00:00+08:00",
         "parameter": {
          "parameterName": "舒適至悶熱"
         }
        },
        {
         "startTime": "2024-08-30T18:00:00+08:00",
         "endTime": "2024-08-31T06:00:00+08:00",
         "parameter": {
          "parameterName": "舒適至悶熱"
         }
        },
        {
         "startTime": "2024-08-31T06:00:00+08:00",
         "endTime": "2024-08-31T18:00:00+08:00",
         "parameter": {
          "parameterName": "舒適至悶熱"
         }
        }
       ]
      },
      {
       "elementName": "PoP",
       "time": [
        {
         "startTime": "2024-08-30T06:00:00+08:00",
         "endTime": "2024-08-30T18:00:00+08:00",
         "parameter": {
          "parameterName": "20",
          "parameterUnit": "百分比"
         }
        },
        {
         "startTime": "2024-08-30T18:00:00+08:00",
         "endTime": "2024-08-31T06:00:00+08:00",
         "parameter": {
          "parameterName": "10",
          "parameterUnit": "百分比"
         }
        },
        {
         "startTime": "2024-08-31T06:00:00+08:00",
         "endTime": "2024-08-31T18:00:00+08:00",
         "parameter": {
          "parameterName": "20",
          "parameterUnit": "百分比"
         }
        }
       ]
      }
     ]
    },
    {
     "locationName": "新竹縣",
     "weatherElement": [
      {
       "elementName": "Wx",
       "time": [
        {
         "startTime": "2024-08-30T06:00:00+08:00",
         "endTime": "2024-08-30T18:00:00+08:00",
         "parameter": {
          "parameterName": "晴時多雲",
          "parameterValue": "2"
         }
        },
        {
         "startTime": "2024-08-30T18:00:00+08:00",
         "endTime": "2024-08-31T06:00:00+08:00",
         "parameter": {
          "parameterName": "晴時多雲",
          "parameterValue": "2"
         }
        },
        {
         "startTime": "2024-08-31T06:00:00+08:00",
         "endTime": "2024-08-31T18:00:00+08:00",
         "parameter": {
          "parameterName": "晴時多雲",
          "parameterValue": "2"
         }
        }
       ]
      },
      {
       "elementName": "MaxT",
       "time": [
        {
         "startTime": "2024-08-30T06:00:00+08:00",
         "endTime": "2024-08-30T18:00:00+08:00",
         "parameter": {
          "parameterName": "33",
          "parameterUnit": "C"
         }
        },
        {
         "startTime": "2024-08-30T18:00:00+08:00",
         "endTime": "2024-08-31T06:00:00+08:00",
         "parameter": {
          "parameterName": "30",
          "parameterUnit": "C"
         }
        },
        {
         "startTime": "2024-08-31T06:00:00+08:00",
         "endTime": "2024-08-31T18:00:00+08:00",
         "parameter": {
          "parameterName": "33",
          "parameterUnit": "C"
         }
        }
       ]
      },
      {
       "elementName": "MinT",
       "time": [
        {
         "startTime": "2024-08-30T06:00:00+08:00",
         "endTime": "2024-08-30T18:00:00+08:00",
         "parameter": {
          "parameterName": "26",
          "parameterUnit": "C"
         }
        },
        {
         "startTime": "2024-08-30T18:00:00+08:00",
         "endTime": "2024-08-31T06:00:00+08:00",
         "parameter": {
          "parameterName": "26",
          "parameterUnit": "C"
         }
        },
        {
         "startTime": "2024-08-31T06:00:00+08:00",
         "endTime": "2024-08-31T18:00:00+08:00",
         "parameter": {
          "parameterName": "26",
          "parameterUnit": "C"
         }
        }
       ]
      },
      {
       "elementName": "CI",
       "time": [
        {
         "startTime": "2024-08-30T06:00:00+08:00",
         "endTime": "2024-08-30T18:00:00+08:00",
         "parameter": {
          "parameterName": "舒適至悶熱"
         }
        },
        {
         "startTime": "2024-08-30T18:00:00+08:00",
         "endTime": "2024-08-31T06:00:00+08:00",
         "parameter": {
          "parameterName": "舒適至悶熱"
         }
        },
        {
         "startTime": "2024-08-31T06:00:00+08:00",
         "endTime": "2024-08-31T18:00:00+08:00",
         "parameter": {
          "parameterName": "舒適至悶熱"
         }
        }
       ]
      },
      {
       "elementName": "PoP",
       "time": [
        {
         "startTime": "2024-08-30T06:00:00+08:00",
         "endTime": "2024-08-30T18:00:00+08:00",
         "parameter": {
          "parameterName": "20",
          "parameterUnit": "百分比"
         }
        },
        {
         "startTime": "2024-08-30T18:00:00+08:00",
         "endTime": "2024-08-31T06:00:00+08:00",
         "parameter": {
          "parameterName": "10",
          "parameterUnit": "百分比"
         }
        },
        {
         "startTime": "2024-08-31T06:00:00+08:00",
         "endTime": "2024-08-31T18:00:00+08:00",
         "parameter": {
          "parameterName": "20",
          "parameterUnit": "百分比"
         }
        }
       ]
      }
     ]
    },
    {
     "locationName": "新竹市",
     "weatherElement": [
      {
       "elementName": "Wx",
       "time": [
        {
         "startTime": "2024-08-30T06:00:00+08:00",
         "endTime": "2024-08-30T18:00:00+08:00",
         "parameter": {
          "parameterName": "晴時多雲",
          "parameterValue": "2"
         }
        },
        {
         "startTime": "2024-08-30T18:00:00+08:00",
         "endTime": "2024-08-31T06:00:00+08:00",
         "parameter": {
          "parameterName": "晴時多雲",
          "parameterValue": "2"
         }
        },
        {
         "startTime": "2024-08-31T06:00:00+08:00",
         "endTime": "2024-08-31T18:00:00+08:00",
         "parameter": {
          "parameterName": "晴時多雲",
          "parameterValue": "2"
         }
        }
       ]
      },
      {
       "elementName": "MaxT",
       "time": [
        {
         "startTime": "2024-08-30T06:00:00+08:00",
         "endTime": "2024-08-30T18:00:00+08:00",
         "parameter": {
          "parameterName": "32",
          "parameterUnit": "C"
         }
        },
        {
         "startTime": "2024-08-30T18:00:00+08:00",
         "endTime": "2024-08-31T06:00:00+08:00",
         "parameter": {
          "parameterName": "30",
          "parameterUnit": "C"
         }
        },
        {
         "startTime": "2024-08-31T06:00:00+08:00",
         "endTime": "2024-08-31T18:00:00+08:00",
         "parameter": {
          "parameterName": "33",
          "parameterUnit": "C"
         }
        }
       ]
      },
      {
       "elementName": "MinT",
       "time": [
        {
         "startTime": "2024-08-30T06:00:00+08:00",
         "endTime": "2024-08-30T18:00:00+08:00",
         "parameter": {
          "parameterName": "27",
          "parameterUnit": "C"
         }
        },
        {
         "startTime": "2024-08-30T18:00:00+08:00",
         "endTime": "2024-08-31T06:00:00+08:00",
         "parameter": {
          "parameterName": "27",
          "parameterUnit": "C"
         }
        },
        {
         "startTime": "2024-08-31T06:00:00+08:00",
         "endTime": "2024-08-31T18:00:00+08:00",
         "parameter": {
          "parameterName": "27",
          "parameterUnit": "C"
         }
        }
       ]
      },
      {
       "elementName": "CI",
       "time": [
        {
         "startTime": "2024-08-30T06:00:00+08:00",
         "endTime": "2024-08-30T18:00:00+08:00",
         "parameter": {
          "parameterName": "舒適至悶熱"
         }
        },
        {
         "startTime": "2024-08-30T18:00:00+08:00",
         "endTime": "2024-08-31T06:00:00+08:00",
         "parameter": {
          "parameterName": "舒適至悶熱"
         }
        },
        {
         "startTime": "2024-08-31T06:00:00+08:00",
         "endTime": "2024-08-31T18:00:00+08:00",
         "parameter": {
          "parameterName": "舒適至悶熱"
         }
        }
       ]
      },
      {
       "elementName": "PoP",
       "time": [
        {
         "startTime": "2024-08-30T06:00:00+08:00",
         "endTime": "2024-08-30T18:00:00+08:00",
         "parameter": {
          "parameterName": "20",
          "parameterUnit": "百分比"
         }
        },
        {
         "startTime": "2024-08-30T18:00:00+08:00",
         "endTime": "2024-08-31T06:00:00+08:00",
         "parameter": {
          "parameterName": "10",
          "parameterUnit": "百分比"
         }
        },
        {
         "startTime": "2024-08-31T06:00:00+08:00",
         "endTime": "2024-08-31T18:00:00+08:00",
         "parameter": {
          "parameterName": "20",
          "parameterUnit": "百分比"
         }
        }
       ]
      }
     ]
    },
    {
     "locationName": "苗栗縣",
     "weatherElement": [
      {
       "elementName": "Wx",
       "time": [
        {
         "startTime": "2024-08-30T06:00:00+08:00",
         "endTime": "2024-08-30T18:00:00+08:00",
         "parameter": {
          "parameterName": "晴時多雲",
          "parameterValue": "2"
         }
        },
        {
         "startTime": "2024-08-30T18:00:00+08:00",
         "endTime": "2024-08-31T06:00:00+08:00",
         "parameter": {
          "parameterName": "晴時多雲",
          "parameterValue": "2"
         }
        },
        {
         "startTime": "2024-08-31T06:00:00+08:00",
         "endTime": "2024-08-31T18:00:00+08:00",
         "parameter": {
          "parameterName": "晴時多雲",
          "parameterValue": "2"
         }
        }
       ]
      },
      {
       "elementName": "MaxT",
       "time": [
        {
         "startTime": "2024-08-30T06:00:00+08:00",
         "endTime": "2024-08-30T18:00:00+08:00",
         "parameter": {
          "parameterName": "32",
          "parameterUnit": "C"
         }
        },
        {
         "startTime": "2024-08-30T18:00:00+08:00",
         "endTime": "2024-08-31T06:00:00+08:00",
         "parameter": {
          "parameterName": "30",
          "parameterUnit": "C"
         }
        },
        {
         "startTime": "2024-08-31T06:00:00+08:00",
         "endTime": "2024-08-31T18:00:00+08:00",
         "parameter": {
          "parameterName": "32",
          "parameterUnit": "C"
         }
        }
       ]
      },
      {
       "elementName": "MinT",
       "time": [
        {
         "startTime": "2024-08-30T06:00:00+08:00",
         "endTime": "2024-08-30T18:00:00+08:00",
         "parameter": {
          "parameterName": "26",
          "parameterUnit": "C"
         }
        },
        {
         "startTime": "2024-08-30T18:00:00+08:00",
         "endTime": "2024-08-31T06:00:00+08:00",
         "parameter": {
          "parameterName": "26",
          "parameterUnit": "C"
         }
        },
        {
         "startTime": "2024-08-31T06:00:00+08:00",
         "endTime": "2024-08-31T18:00:00+08:00",
         "parameter": {
          "parameterName": "26",
          "parameterUnit": "C"
         }
        }
       ]
      },
      {
       "elementName": "CI",
       "time": [
        {
         "startTime": "2024-08-30T06:00:00+08:00",
         "endTime": "2024-08-30T18:00:00+08:00",
         "parameter": {
          "parameterName": "舒適至悶熱"
         }
        },
        {
         "startTime": "2024-08-30T18:00:00+08:00",
         "endTime": "2024-08-31T06:00:00+08:00",
         "parameter": {
          "parameterName": "舒適至悶熱"
         }
        },
        {
         "startTime": "2024-08-31T06:00:00+08:00",
         "endTime": "2024-08-31T18:00:00+08:00",
         "parameter": {
          "parameterName": "舒適至悶熱"
         }
        }
       ]
      },
      {
       "elementName": "PoP",
       "time": [
        {
         "startTime": "2024-08-30T06:00:00+08:00",
         "endTime": "2024-08-30T18:00:00+08:00",
         "parameter": {
          "parameterName": "20",
          "parameterUnit": "百分比"
         }
        },
        {
         "startTime": "2024-08-30T18:00:00+08:00",
         "endTime": "2024-08-31T06:00:00+08:00",
         "parameter": {
          "parameterName": "10",
          "parameterUnit": "百分比"
         }
        },
        {
         "startTime": "2024-08-31T06:00:00+08:00",
         "endTime": "2024-08-31T18:00:00+08:00",
         "parameter": {
          "parameterName": "20",
          "parameterUnit": "百分比"
         }
        }
       ]
      }
     ]
    },
    {
     "locationName": "彰化縣",
     "weatherElement": [
      {
       "elementName": "Wx",
       "time": [
        {
         "startTime": "2024-08-30T06:00:00+08:00",
         "endTime": "2024-08-30T18:00:00+08:00",
         "parameter": {
          "parameterName": "晴時多雲",
          "parameterValue": "2"
         }
        },
        {
         "startTime": "2024-08-30T18:00:00+08:00",
         "endTime": "2024-08-31T06:00:00+08:00",
         "parameter": {
          "parameterName": "晴時多雲",
          "parameterValue": "2"
         }
        },
        {
         "startTime": "2024-08-31T06:00:00+08:00",
         "endTime": "2024-08-31T18:00:00+08:00",
         "parameter": {
          "parameterName": "晴時多雲",
          "parameterValue": "2"
         }
        }
       ]
      },
      {
       "elementName": "MaxT",
       "time": [
        {
         "startTime": "2024-08-30T06:00:00+08:00",
         "endTime": "2024-08-30T18:00:00+08:00",
         "parameter": {
          "parameterName": "33",
          "parameterUnit": "C"
         }
        },
        {
         "startTime": "2024-08-30T18:00:00+08:00",
         "endTime": "2024-08-31T06:00:00+08:00",
         "parameter": {
          "parameterName": "31",
          "parameterUnit": "C"
         }
        },
        {
         "startTime": "2024-08-31T06:00:00+08:00",
         "endTime": "2024-08-31T18:00:00+08:00",
         "parameter": {
          "parameterName": "33",
          "parameterUnit": "C"
         }
        }
       ]
      },
      {
       "elementName": "MinT",
       "time": [
        {
         "startTime": "2024-08-30T06:00:00+08:00",
         "endTime": "2024-08-30T18:00:00+08:00",
         "parameter": {
          "parameterName": "27",
          "parameterUnit": "C"
         }
        },
        {
         "startTime": "2024-08-30T18:00:00+08:00",
         "endTime": "2024-08-31T06:00:00+08:00",
         "parameter": {
          "parameterName": "27",
          "parameterUnit": "C"
         }
        },
        {
         "startTime": "2024-08-31T06:00:00+08:00",
         "endTime": "2024-08-31T18:00:00+08:00",
         "parameter": {
          "parameterName": "27",
          "parameterUnit": "C"
         }
        }
       ]
      },
      {
       "elementName": "CI",
       "time": [
        {
         "startTime": "2024-08-30T06:00:00+08:00",
         "endTime": "2024-08-30T18:00:00+08:00",
         "parameter": {
          "parameterName": "舒適至悶熱"
         }
        },
        {
         "startTime": "2024-08-30T18:00:00+08:00",
         "endTime": "2024-08-31T06:00:00+08:00",
         "parameter": {
          "parameterName": "舒適至悶熱"
         }
        },
        {
         "startTime": "2024-08-31T06:00:00+08:00",
         "endTime": "2024-08-31T18:00:00+08:00",
         "parameter": {
          "parameterName": "舒適至悶熱"
         }
        }
       ]
      },
      {
       "elementName": "PoP",
       "time": [
        {
         "startTime": "2024-08-30T06:00:00+08:00",
         "endTime": "2024-08-30T18:00:00+08:00",
         "parameter": {
          "parameterName": "20",
          "parameterUnit": "百分比"
         }
        },
        {
         "startTime": "2024-08-30T18:00:00+08:00",
         "endTime": "2024-08-31T06:00:00+08:00",
         "parameter": {
          "parameterName": "10",
          "parameterUnit": "百分比"
         }
        },
        {
         "startTime": "2024-08-31T06:00:00+08:00",
         "endTime": "2024-08-31T18:00:00+08:00",
         "parameter": {
          "parameterName": "20",
          "parameterUnit": "百分比"
         }
        }
       ]
      }
     ]
    },
    {
     "locationName": "南投縣",
     "weatherElement": [
      {
       "elementName": "Wx",
       "time": [
        {
         "startTime": "2024-08-30T06:00:00+08:00",
         "endTime": "2024-08-30T18:00:00+08:00",
         "parameter": {
          "parameterName": "多雲",
          "parameterValue": "4"
         }
        },
        {
         "startTime": "2024-08-30T18:00:00+08:00",
         "endTime": "2024-08-31T06:00:00+08:00",
         "parameter": {
          "parameterName": "晴時多雲",
          "parameterValue": "2"
         }
        },
        {
         "startTime": "2024-08-31T06:00:00+08:00",
         "endTime": "2024-08-31T18:00:00+08:00",
         "parameter": {
          "parameterName": "晴時多雲",
          "parameterValue": "2"
         }
        }
       ]
      },
      {
       "elementName": "MaxT",
       "time": [
        {
         "startTime": "2024-08-30T06:00:00+08:00",
         "endTime": "2024-08-30T18:00:00+08:00",
         "parameter": {
          "parameterName": "34",
          "parameterUnit": "C"
         }
        },
        {
         "startTime": "2024-08-30T18:00:00+08:00",
         "endTime": "2024-08-31T06:00:00+08:00",
         "parameter": {
          "parameterName": "30",
          "parameterUnit": "C"
         }
        },
        {
         "startTime": "2024-08-31T06:00:00+08:00",
         "endTime": "2024-08-31T18:00:00+08:00",
         "parameter": {
          "parameterName": "34",
          "parameterUnit": "C"
         }
        }
       ]
      },
      {
       "elementName": "MinT",
       "time": [
        {
         "startTime": "2024-08-30T06:00:00+08:00",
         "endTime": "2024-08-30T18:00:00+08:00",
         "parameter": {
          "parameterName": "26",
          "parameterUnit": "C"
         }
        },
        {
         "startTime": "2024-08-30T18:00:00+08:00",
         "endTime": "2024-08-31T06:00:00+08:00",
         "parameter": {
          "parameterName": "26",
          "parameterUnit": "C"
         }
        },
        {
         "startTime": "2024-08-31T06:00:00+08:00",
         "endTime": "2024-08-31T18:00:00+08:00",
         "parameter": {
          "parameterName": "26",
          "parameterUnit": "C"
         }
        }
       ]
      },
      {
       "elementName": "CI",
       "time": [
        {
         "startTime": "2024-08-30T06:00:00+08:00",
         "endTime": "2024-08-30T18:00:00+08:00",
         "parameter": {
          "parameterName": "舒適至易中暑"
         }
        },
        {
         "startTime": "2024-08-30T18:00:00+08:00",
         "endTime": "2024-08-31T06:00:00+08:00",
         "parameter": {
          "parameterName": "舒適至悶熱"
         }
        },
        {
         "startTime": "2024-08-31T06:00:00+08:00",
         "endTime": "2024-08-31T18:00:00+08:00",
         "parameter": {
          "parameterName": "舒適至易中暑"
         }
        }
       ]
      },
      {
       "elementName": "PoP",
       "time": [
        {
         "startTime": "2024-08-30T06:00:00+08:00",
         "endTime": "2024-08-30T18:00:00+08:00",
         "parameter": {
          "parameterName": "20",
          "parameterUnit": "百分比"
         }
        },
        {
         "startTime": "2024-08-30T18:00:00+08:00",
         "endTime": "2024-08-31T06:00:00+08:00",
         "parameter": {
          "parameterName": "10",
          "parameterUnit": "百分比"
         }
        },
        {
         "startTime": "2024-08-31T06:00:00+08:00",
         "endTime": "2024-08-31T18:00:00+08:00",
         "parameter": {
          "parameterName": "20",
          "parameterUnit": "百分比"
         }
        }
       ]
      }
     ]
    },
    {
     "locationName": "雲林縣",
     "weatherElement": [
      {
       "elementName": "Wx",
       "time": [
        {
         "startTime": "2024-08-30T06:00:00+08:00",
         "endTime": "2024-08-30T18:00:00+08:00",
         "parameter": {
          "parameterName": "晴午後短暫雷陣雨",
          "parameterValue": "21"
         }
        },
        {
         "startTime": "2024-08-30T18:00:00+08:00",
         "endTime": "2024-08-31T06:00:00+08:00",
         "parameter": {
          "parameterName": "晴時多雲",
          "parameterValue": "2"
         }
        },
        {
         "startTime": "2024-08-31T06:00:00+08:00",
         "endTime": "2024-08-31T18:00:00+08:00",
         "parameter": {
          "parameterName": "晴時多雲",
          "parameterValue": "2"
         }
        }
       ]
      },
      {
       "elementName": "MaxT",
       "time": [
        {
         "startTime": "2024-08-30T06:00:00+08:00",
         "endTime": "2024-08-30T18:00:00+08:00",
         "parameter": {
          "parameterName": "33",
          "parameterUnit": "C"
         }
        },
        {
         "startTime": "2024-08-30T18:00:00+08:00",
         "endTime": "2024-08-31T06:00:00+08:00",
         "parameter": {
          "parameterName": "29",
          "parameterUnit": "C"
         }
        },
        {
         "startTime": "2024-08-31T06:00:00+08:00",
         "endTime": "2024-08-31T18:00:00+08:00",
         "parameter": {
          "parameterName": "34",
          "parameterUnit": "C"
         }
        }
       ]
      },
      {
       "elementName": "MinT",
       "time": [
        {
         "startTime": "2024-08-30T06:00:00+08:00",
         "endTime": "2024-08-30T18:00:00+08:00",
         "parameter": {
          "parameterName": "26",
          "parameterUnit": "C"
         }
        },
        {
         "startTime": "2024-08-30T18:00:00+08:00",
         "endTime": "2024-08-31T06:00:00+08:00",
         "parameter": {
          "parameterName": "26",
          "parameterUnit": "C"
         }
        },
        {
         "startTime": "2024-08-31T06:00:00+08:00",
         "endTime": "2024-08-31T18:00:00+08:00",
         "parameter": {
          "parameterName": "26",
          "parameterUnit": "C"
         }
        }
       ]
      },
      {
       "elementName": "CI",
       "time": [
        {
         "startTime": "2024-08-30T06:00:00+08:00",
         "endTime": "2024-08-30T18:00:00+08:00",
         "parameter": {
          "parameterName": "舒適至悶熱"
         }
        },
        {
         "startTime": "2024-08-30T18:00:00+08:00",
         "endTime": "2024-08-31T06:00:00+08:00",
         "parameter": {
          "parameterName": "舒適至悶熱"
         }
        },
        {
         "startTime": "2024-08-31T06:00:00+08:00",
         "endTime": "2024-08-31T18:00:00+08:00",
         "parameter": {
          "parameterName": "舒適至悶熱"
         }
        }
       ]
      },
      {
       "elementName": "PoP",
       "time": [
        {
         "startTime": "2024-08-30T06:00:00+08:00",
         "endTime": "2024-08-30T18:00:00+08:00",
         "parameter": {
          "parameterName": "50",
          "parameterUnit": "百分比"
         }
        },
        {
         "startTime": "2024-08-30T18:00:00+08:00",
         "endTime": "2024-08-31T06:00:00+08:00",
         "parameter": {
          "parameterName": "10",
          "parameterUnit": "百分比"
         }
        },
        {
         "startTime": "2024-08-31T06:00:00+08:00",
         "endTime": "2024-08-31T18:00:00+08:00",
         "parameter": {
          "parameterName": "20",
          "parameterUnit": "百分比"
         }
        }
       ]
      }
     ]
    },
    {
     "locationName": "嘉義縣",
     "weatherElement": [
      {
       "elementName": "Wx",
       "time": [
        {
         "startTime": "2024-08-30T06:00:00+08:00",
         "endTime": "2024-08-30T18:00:00+08:00",
         "parameter": {
          "parameterName": "晴時多雲",
          "parameterValue": "2"
         }
        },
        {
         "startTime": "2024-08-30T18:00:00+08:00",
         "endTime": "2024-08-31T06:00:00+08:00",
         "parameter": {
          "parameterName": "晴時多雲",
          "parameterValue": "2"
         }
        },
        {
         "startTime": "2024-08-31T06:00:00+08:00",
         "endTime": "2024-08-31T18:00:00+08:00",
         "parameter": {
          "parameterName": "晴時多雲",
          "parameterValue": "2"
         }
        }
       ]
      },
      {
       "elementName": "MaxT",
       "time": [
        {
         "startTime": "2024-08-30T06:00:00+08:00",
         "endTime": "2024-08-30T18:00:00+08:00",
         "parameter": {
          "parameterName": "33",
          "parameterUnit": "C"
         }
        },
        {
         "startTime": "2024-08-30T18:00:00+08:00",
         "endTime": "2024-08-31T06:00:00+08:00",
         "parameter": {
          "parameterName": "30",
          "parameterUnit": "C"
         }
        },
        {
         "startTime": "2024-08-31T06:00:00+08:00",
         "endTime": "2024-08-31T18:00:00+08:00",
         "parameter": {
          "parameterName": "33",
          "parameterUnit": "C"
         }
        }
       ]
      },
      {
       "elementName": "MinT",
       "time": [
        {
         "startTime": "2024-08-30T06:00:00+08:00",
         "endTime": "2024-08-30T18:00:00+08:00",
         "parameter": {
          "parameterName": "26",
          "parameterUnit": "C"
         }
        },
        {
         "startTime": "2024-08-30T18:00:00+08:00",
         "endTime": "2024-08-31T06:00:00+08:00",
         "parameter": {
          "parameterName": "26",
          "parameterUnit": "C"
         }
        },
        {
         "startTime": "2024-08-31T06:00:00+08:00",
         "endTime": "2024-08-31T18:00:00+08:00",
         "parameter": {
          "parameterName": "26",
          "parameterUnit": "C"
         }
        }
       ]
      },
      {
       "elementName": "CI",
       "time": [
        {
         "startTime": "2024-08-30T06:00:00+08:00",
         "endTime": "2024-08-30T18:00:00+08:00",
         "parameter": {
          "parameterName": "舒適至悶熱"
         }
        },
        {
         "startTime": "2024-08-30T18:00:00+08:00",
         "endTime": "2024-08-31T06:00:00+08:00",
         "parameter": {
          "parameterName": "舒適至悶熱"
         }
        },
        {
         "startTime": "2024-08-31T06:00:00+08:00",
         "endTime": "2024-08-31T18:00:00+08:00",
         "parameter": {
          "parameterName": "舒適至悶熱"
         }
        }
       ]
      },
      {
       "elementName": "PoP",
       "time": [
        {
         "startTime": "2024-08-30T06:00:00+08:00",
         "endTime": "2024-08-30T18:00:00+08:00",
         "parameter": {
          "parameterName": "20",
          "parameterUnit": "百分比"
         }
        },
        {
         "startTime": "2024-08-30T18:00:00+08:00",
         "endTime": "2024-08-31T06:00:00+08:00",
         "parameter": {
          "parameterName": "10",
          "parameterUnit": "百分比"
         }
        },
        {
         "startTime": "2024-08-31T06:00:00+08:00",
         "endTime": "2024-08-31T18:00:00+08:00",
         "parameter": {
          "parameterName": "20",
          "parameterUnit": "百分比"
         }
        }
       ]
      }
     ]
    },
    {
     "locationName": "嘉義市",
     "weatherElement": [
      {
       "elementName": "Wx",
       "time": [
        {
         "startTime": "2024-08-30T06:00:00+08:00",
         "endTime": "2024-08-30T18:00:00+08:00",
         "parameter": {
          "parameterName": "晴午後短暫雷陣雨",
          "parameterValue": "21"
         }
        },
        {
         "startTime": "2024-08-30T18:00:00+08:00",
         "endTime": "2024-08-31T06:00:00+08:00",
         "parameter": {
          "parameterName": "晴時多雲",
          "parameterValue": "2"
         }
        },
        {
         "startTime": "2024-08-31T06:00:00+08:00",
         "endTime": "2024-08-31T18:00:00+08:00",
         "parameter": {
          "parameterName": "晴時多雲",
          "parameterValue": "2"
         }
        }
       ]
      },
      {
       "elementName": "MaxT",
       "time": [
        {
         "startTime": "2024-08-30T06:00:00+08:00",
         "endTime": "2024-08-30T18:00:00+08:00",
         "parameter": {
          "parameterName": "34",
          "parameterUnit": "C"
         }
        },
        {
         "startTime": "2024-08-30T18:00:00+08:00",
         "endTime": "2024-08-31T06:00:00+08:00",
         "parameter": {
          "parameterName": "29",
          "parameterUnit": "C"
         }
        },
        {
         "startTime": "2024-08-31T06:00:00+08:00",
         "endTime": "2024-08-31T18:00:00+08:00",
         "parameter": {
          "parameterName": "34",
          "parameterUnit": "C"
         }
        }
       ]
      },
      {
       "elementName": "MinT",
       "time": [
        {
         "startTime": "2024-08-30T06:00:00+08:00",
         "endTime": "2024-08-30T18:00:00+08:00",
         "parameter": {
          "parameterName": "26",
          "parameterUnit": "C"
         }
        },
        {
         "startTime": "2024-08-30T18:00:00+08:00",
         "endTime": "2024-08-31T06:00:00+08:00",
         "parameter": {
          "parameterName": "26",
          "parameterUnit": "C"
         }
        },
        {
         "startTime": "2024-08-31T06:00:00+08:00",
         "endTime": "2024-08-31T18:00:00+08:00",
         "parameter": {
          "parameterName": "26",
          "parameterUnit": "C"
         }
        }
       ]
      },
      {
       "elementName": "CI",
       "time": [
        {
         "startTime": "2024-08-30T06:00:00+08:00",
         "endTime": "2024-08-30T18:00:00+08:00",
         "parameter": {
          "parameterName": "舒適至悶熱"
         }
        },
        {
         "startTime": "2024-08-30T18:00:00+08:00",
         "endTime": "2024-08-31T06:00:00+08:00",
         "parameter": {
          "parameterName": "舒適至悶熱"
         }
        },
        {
         "startTime": "2024-08-31T06:00:00+08:00",
         "endTime": "2024-08-31T18:00:00+08:00",
         "parameter": {
          "parameterName": "舒適至悶熱"
         }
        }
       ]
      },
      {
       "elementName": "PoP",
       "time": [
        {
         "startTime": "2024-08-30T06:00:00+08:00",
         "endTime": "2024-08-30T18:00:00+08:00",
         "parameter": {
          "parameterName": "50",
          "parameterUnit": "百分比"
         }
        },
        {
         "startTime": "2024-08-30T18:00:00+08:00",
         "endTime": "2024-08-31T06:00:00+08:00",
         "parameter": {
          "parameterName": "10",
          "parameterUnit": "百分比"
         }
        },
        {
         "startTime": "2024-08-31T06:00:00+08:00",
         "endTime": "2024-08-31T18:00:00+08:00",
         "parameter": {
          "parameterName": "20",
          "parameterUnit": "百分比"
         }
        }
       ]
      }
     ]
    },
    {
     "locationName": "屏東縣",
     "weatherElement": [
      {
       "elementName": "Wx",
       "time": [
        {
         "startTime": "2024-08-30T06:00:00+08:00",
         "endTime": "2024-08-30T18:00:00+08:00",
         "parameter": {
          "parameterName": "晴午後短暫雷陣雨",
          "parameterValue": "21"
         }
        },
        {
         "startTime": "2024-08-30T18:00:00+08:00",
         "endTime": "2024-08-31T06:00:00+08:00",
         "parameter": {
          "parameterName": "晴時多雲",
          "parameterValue": "2"
         }
        },
        {
         "startTime": "2024-08-31T06:00:00+08:00",
         "endTime": "2024-08-31T18:00:00+08:00",
         "parameter": {
          "parameterName": "晴時多雲",
          "parameterValue": "2"
         }
        }
       ]
      },
      {
       "elementName": "MaxT",
       "time": [
        {
         "startTime": "2024-08-30T06:00:00+08:00",
         "endTime": "2024-08-30T18:00:00+08:00",
         "parameter": {
          "parameterName": "34",
          "parameterUnit": "C"
         }
        },
        {
         "startTime": "2024-08-30T18:00:00+08:00",
         "endTime": "2024-08-31T06:00:00+08:00",
         "parameter": {
          "parameterName": "30",
          "parameterUnit": "C"
         }
        },
        {
         "startTime": "2024-08-31T06:00:00+08:00",
         "endTime": "2024-08-31T18:00:00+08:00",
         "parameter": {
          "parameterName": "35",
          "parameterUnit": "C"
         }
        }
       ]
      },
      {
       "elementName": "MinT",
       "time": [
        {
         "startTime": "2024-08-30T06:00:00+08:00",
         "endTime": "2024-08-30T18:00:00+08:00",
         "parameter": {
          "parameterName": "27",
          "parameterUnit": "C"
         }
        },
        {
         "startTime": "2024-08-30T18:00:00+08:00",
         "endTime": "2024-08-31T06:00:00+08:00",
         "parameter": {
          "parameterName": "26",
          "parameterUnit": "C"
         }
        },
        {
         "startTime": "2024-08-31T06:00:00+08:00",
         "endTime": "2024-08-31T18:00:00+08:00",
         "parameter": {
          "parameterName": "26",
          "parameterUnit": "C"
         }
        }
       ]
      },
      {
       "elementName": "CI",
       "time": [
        {
         "startTime": "2024-08-30T06:00:00+08:00",
         "endTime": "2024-08-30T18:00:00+08:00",
         "parameter": {
          "parameterName": "舒適至悶熱"
         }
        },
        {
         "startTime": "2024-08-30T18:00:00+08:00",
         "endTime": "2024-08-31T06:00:00+08:00",
         "parameter": {
          "parameterName": "舒適至悶熱"
         }
        },
        {
         "startTime": "2024-08-31T06:00:00+08:00",
         "endTime": "2024-08-31T18:00:00+08:00",
         "parameter": {
          "parameterName": "舒適至易中暑"
         }
        }
       ]
      },
      {
       "elementName": "PoP",
       "time": [
        {
         "startTime": "2024-08-30T06:00:00+08:00",
         "endTime": "2024-08-30T18:00:00+08:00",
         "parameter": {
          "parameterName": "50",
          "parameterUnit": "百分比"
         }
        },
        {
         "startTime": "2024-08-30T18:00:00+08:00",
         "endTime": "2024-08-31T06:00:00+08:00",
         "parameter": {
          "parameterName": "10",
          "parameterUnit": "百分比"
         }
        },
        {
         "startTime": "2024-08-31T06:00:00+08:00",
         "endTime": "2024-08-31T18:00:00+08:00",
         "parameter": {
          "parameterName": "20",
          "parameterUnit": "百分比"
         }
        }
       ]
      }
     ]
    },
    {
     "locationName": "宜蘭縣",
     "weatherElement": [
      {
       "elementName": "Wx",
       "time": [
        {
         "startTime": "2024-08-30T06:00:00+08:00",
         "endTime": "2024-08-30T18:00:00+08:00",
         "parameter": {
          "parameterName": "晴時多雲",
          "parameterValue": "2"
         }
        },
        {
         "startTime": "2024-08-30T18:00:00+08:00",
         "endTime": "2024-08-31T06:00:00+08:00",
         "parameter": {
          "parameterName": "晴時多雲",
          "parameterValue": "2"
         }
        },
        {
         "startTime": "2024-08-31T06:00:00+08:00",
         "endTime": "2024-08-31T18:00:00+08:00",
         "parameter": {
          "parameterName": "晴時多雲",
          "parameterValue": "2"
         }
        }
       ]
      },
      {
       "elementName": "MaxT",
       "time": [
        {
         "startTime": "2024-08-30T06:00:00+08:00",
         "endTime": "2024-08-30T18:00:00+08:00",
         "parameter": {
          "parameterName": "33",
          "parameterUnit": "C"
         }
        },
        {
         "startTime": "2024-08-30T18:00:00+08:00",
         "endTime": "2024-08-31T06:00:00+08:00",
         "parameter": {
          "parameterName": "30",
          "parameterUnit": "C"
         }
        },
        {
         "startTime": "2024-08-31T06:00:00+08:00",
         "endTime": "2024-08-31T18:00:00+08:00",
         "parameter": {
          "parameterName": "33",
          "parameterUnit": "C"
         }
        }
       ]
      },
      {
       "elementName": "MinT",
       "time": [
        {
         "startTime": "2024-08-30T06:00:00+08:00",
         "endTime": "2024-08-30T18:00:00+08:00",
         "parameter": {
          "parameterName": "26",
          "parameterUnit": "C"
         }
        },
        {
         "startTime": "2024-08-30T18:00:00+08:00",
         "endTime": "2024-08-31T06:00:00+08:00",
         "parameter": {
          "parameterName": "26",
          "parameterUnit": "C"
         }
        },
        {
         "startTime": "2024-08-31T06:00:00+08:00",
         "endTime": "2024-08-31T18:00:00+08:00",
         "parameter": {
          "parameterName": "26",
          "parameterUnit": "C"
         }
        }
       ]
      },
      {
       "elementName": "CI",
       "time": [
        {
         "startTime": "2024-08-30T06:00:00+08:00",
         "endTime": "2024-08-30T18:00:00+08:00",
         "parameter": {
          "parameterName": "舒適至悶熱"
         }
        },
        {
         "startTime": "2024-08-30T18:00:00+08:00",
         "endTime": "2024-08-31T06:00:00+08:00",
         "parameter": {
          "parameterName": "舒適至悶熱"
         }
        },
        {
         "startTime": "2024-08-31T06:00:00+08:00",
         "endTime": "2024-08-31T18:00:00+08:00",
         "parameter": {
          "parameterName": "舒適至悶熱"
         }
        }
       ]
      },
      {
       "elementName": "PoP",
       "time": [
        {
         "startTime": "2024-08-30T06:00:00+08:00",
         "endTime": "2024-08-30T18:00:00+08:00",
         "parameter": {
          "parameterName": "20",
          "parameterUnit": "百分比"
         }
        },
        {
         "startTime": "2024-08-30T18:00:00+08:00",
         "endTime": "2024-08-31T06:00:00+08:00",
         "parameter": {
          "parameterName": "10",
          "parameterUnit": "百分比"
         }
        },
        {
         "startTime": "2024-08-31T06:00:00+08:00",
         "endTime": "2024-08-31T18:00:00+08:00",
         "parameter": {
          "parameterName": "20",
          "parameterUnit": "百分比"
         }
        }
       ]
      }
     ]
    },
    {
     "locationName": "花蓮縣",
     "weatherElement": [
      {
       "elementName": "Wx",
       "time": [
        {
         "startTime": "2024-08-30T06:00:00+08:00",
         "endTime": "2024-08-30T18:00:00+08:00",
         "parameter": {
          "parameterName": "晴時多雲",
          "parameterValue": "2"
         }
        },
        {
         "startTime": "2024-08-30T18:00:00+08:00",
         "endTime": "2024-08-31T06:00:00+08:00",
         "parameter": {
          "parameterName": "晴時多雲",
          "parameterValue": "2"
         }
        },
        {
         "startTime": "2024-08-31T06:00:00+08:00",
         "endTime": "2024-08-31T18:00:00+08:00",
         "parameter": {
          "parameterName": "晴時多雲",
          "parameterValue": "2"
         }
        }
       ]
      },
      {
       "elementName": "MaxT",
       "time": [
        {
         "startTime": "2024-08-30T06:00:00+08:00",
         "endTime": "2024-08-30T18:00:00+08:00",
         "parameter": {
          "parameterName": "32",
          "parameterUnit": "C"
         }
        },
        {
         "startTime": "2024-08-30T18:00:00+08:00",
         "endTime": "2024-08-31T06:00:00+08:00",
         "parameter": {
          "parameterName": "30",
          "parameterUnit": "C"
         }
        },
        {
         "startTime": "2024-08-31T06:00:00+08:00",
         "endTime": "2024-08-31T18:00:00+08:00",
         "parameter": {
          "parameterName": "33",
          "parameterUnit": "C"
         }
        }
       ]
      },
      {
       "elementName": "MinT",
       "time": [
        {
         "startTime": "2024-08-30T06:00:00+08:00",
         "endTime": "2024-08-30T18:00:00+08:00",
         "parameter": {
          "parameterName": "26",
          "parameterUnit": "C"
         }
        },
        {
         "startTime": "2024-08-30T18:00:00+08:00",
         "endTime": "2024-08-31T06:00:00+08:00",
         "parameter": {
          "parameterName": "26",
          "parameterUnit": "C"
         }
        },
        {
         "startTime": "2024-08-31T06:00:00+08:00",
         "endTime": "2024-08-31T18:00:00+08:00",
         "parameter": {
          "parameterName": "26",
          "parameterUnit": "C"
         }
        }
       ]
      },
      {
       "elementName": "CI",
       "time": [
        {
         "startTime": "2024-08-30T06:00:00+08:00",
         "endTime": "2024-08-30T18:00:00+08:00",
         "parameter": {
          "parameterName": "舒適至悶熱"
         }
        },
        {
         "startTime": "2024-08-30T18:00:00+08:00",
         "endTime": "2024-08-31T06:00:00+08:00",
         "parameter": {
          "parameterName": "舒適至悶熱"
         }
        },
        {
         "startTime": "2024-08-31T06:00:00+08:00",
         "endTime": "2024-08-31T18:00:00+08:00",
         "parameter": {
          "parameterName": "舒適至悶熱"
         }
        }
       ]
      },
      {
       "elementName": "PoP",
       "time": [
        {
         "startTime": "2024-08-30T06:00:00+08:00",
         "endTime": "2024-08-30T18:00:00+08:00",
         "parameter": {
          "parameterName": "20",
          "parameterUnit": "百分比"
         }
        },
        {
         "startTime": "2024-08-30T18:00:00+08:00",
         "endTime": "2024-08-31T06:00:00+08:00",
         "parameter": {
          "parameterName": "10",
          "parameterUnit": "百分比"
         }
        },
        {
         "startTime": "2024-08-31T06:00:00+08:00",
         "endTime": "2024-08-31T18:00:00+08:00",
         "parameter": {
          "parameterName": "20",
          "parameterUnit": "百分比"
         }
        }
       ]
      }
     ]
    },
    {
     "locationName": "臺東縣",
     "weatherElement": [
      {
       "elementName": "Wx",
       "time": [
        {
         "startTime": "2024-08-30T06:00:00+08:00",
         "endTime": "2024-08-30T18:00:00+08:00",
         "parameter": {
          "parameterName": "晴時多雲",
          "parameterValue": "2"
         }
        },
        {
         "startTime": "2024-08-30T18:00:00+08:00",
         "endTime": "2024-08-31T06:00:00+08:00",
         "parameter": {
          "parameterName": "晴時多雲",
          "parameterValue": "2"
         }
        },
        {
         "startTime": "2024-08-31T06:00:00+08:00",
         "endTime": "2024-08-31T18:00:00+08:00",
         "parameter": {
          "parameterName": "晴時多雲",
          "parameterValue": "2"
         }
        }
       ]
      },
      {
       "elementName": "MaxT",
       "time": [
        {
         "startTime": "2024-08-30T06:00:00+08:00",
         "endTime": "2024-08-30T18:00:00+08:00",
         "parameter": {
          "parameterName": "33",
          "parameterUnit": "C"
         }
        },
        {
         "startTime": "2024-08-30T18:00:00+08:00",
         "endTime": "2024-08-31T06:00:00+08:00",
         "parameter": {
          "parameterName": "30",
          "parameterUnit": "C"
         }
        },
        {
         "startTime": "2024-08-31T06:00:00+08:00",
         "endTime": "2024-08-31T18:00:00+08:00",
         "parameter": {
          "parameterName": "33",
          "parameterUnit": "C"
         }
        }
       ]
      },
      {
       "elementName": "MinT",
       "time": [
        {
         "startTime": "2024-08-30T06:00:00+08:00",
         "endTime": "2024-08-30T18:00:00+08:00",
         "parameter": {
          "parameterName": "26",
          "parameterUnit": "C"
         }
        },
        {
         "startTime": "2024-08-30T18:00:00+08:00",
         "endTime": "2024-08-31T06:00:00+08:00",
         "parameter": {
          "parameterName": "26",
          "parameterUnit": "C"
         }
        },
        {
         "startTime": "2024-08-31T06:00:00+08:00",
         "endTime": "2024-08-31T18:00:00+08:00",
         "parameter": {
          "parameterName": "26",
          "parameterUnit": "C"
         }
        }
       ]
      },
      {
       "elementName": "CI",
       "time": [
        {
         "startTime": "2024-08-30T06:00:00+08:00",
         "endTime": "2024-08-30T18:00:00+08:00",
         "parameter": {
          "parameterName": "舒適至悶熱"
         }
        },
        {
         "startTime": "2024-08-30T18:00:00+08:00",
         "endTime": "2024-08-31T06:00:00+08:00",
         "parameter": {
          "parameterName": "舒適至悶熱"
         }
        },
        {
         "startTime": "2024-08-31T06:00:00+08:00",
         "endTime": "2024-08-31T18:00:00+08:00",
         "parameter": {
          "parameterName": "舒適至悶熱"
         }
        }
       ]
      },
      {
       "elementName": "PoP",
       "time": [
        {
         "startTime": "2024-08-30T06:00:00+08:00",
         "endTime": "2024-08-30T18:00:00+08:00",
         "parameter": {
          "parameterName": "20",
          "parameterUnit": "百分比"
         }
        },
        {
         "startTime": "2024-08-30T18:00:00+08:00",
         "endTime": "2024-08-31T06:00:00+08:00",
         "parameter": {
          "parameterName": "20",
          "parameterUnit": "百分比"
         }
        },
        {
         "startTime": "2024-08-31T06:00:00+08:00",
         "endTime": "2024-08-31T18:00:00+08:00",
         "parameter": {
          "parameterName": "20",
          "parameterUnit": "百分比"
         }
        }
       ]
      }
     ]
    },
    {
     "locationName": "澎湖縣",
     "weatherElement": [
      {
       "elementName": "Wx",
       "time": [
        {
         "startTime": "2024-08-30T06:00:00+08:00",
         "endTime": "2024-08-30T18:00:00+08:00",
         "parameter": {
          "parameterName": "晴時多雲",
          "parameterValue": "2"
         }
        },
        {
         "startTime": "2024-08-30T18:00:00+08:00",
         "endTime": "2024-08-31T06:00:00+08:00",
         "parameter": {
          "parameterName": "晴時多雲",
          "parameterValue": "2"
         }
        },
        {
         "startTime": "2024-08-31T06:00:00+08:00",
         "endTime": "2024-08-31T18:00:00+08:00",
         "parameter": {
          "parameterName": "晴時多雲",
          "parameterValue": "2"
         }
        }
       ]
      },
      {
       "elementName": "MaxT",
       "time": [
        {
         "startTime": "2024-08-30T06:00:00+08:00",
         "endTime": "2024-08-30T18:00:00+08:00",
         "parameter": {
          "parameterName": "32",
          "parameterUnit": "C"
         }
        },
        {
         "startTime": "2024-08-30T18:00:00+08:00",
         "endTime": "2024-08-31T06:00:00+08:00",
         "parameter": {
          "parameterName": "29",
          "parameterUnit": "C"
         }
        },
        {
         "startTime": "2024-08-31T06:00:00+08:00",
         "endTime": "2024-08-31T18:00:00+08:00",
         "parameter": {
          "parameterName": "32",
          "parameterUnit": "C"
         }
        }
       ]
      },
      {
       "elementName": "MinT",
       "time": [
        {
         "startTime": "2024-08-30T06:00:00+08:00",
         "endTime": "2024-08-30T18:00:00+08:00",
         "parameter": {
          "parameterName": "27",
          "parameterUnit": "C"
         }
        },
        {
         "startTime": "2024-08-30T18:00:00+08:00",
         "endTime": "2024-08-31T06:00:00+08:00",
         "parameter": {
          "parameterName": "27",
          "parameterUnit": "C"
         }
        },
        {
         "startTime": "2024-08-31T06:00:00+08:00",
         "endTime": "2024-08-31T18:00:00+08:00",
         "parameter": {
          "parameterName": "27",
          "parameterUnit": "C"
         }
        }
       ]
      },
      {
       "elementName": "CI",
       "time": [
        {
         "startTime": "2024-08-30T06:00:00+08:00",
         "endTime": "2024-08-30T18:00:00+08:00",
         "parameter": {
          "parameterName": "舒適至悶熱"
         }
        },
        {
         "startTime": "2024-08-30T18:00:00+08:00",
         "endTime": "2024-08-31T06:00:00+08:00",
         "parameter": {
          "parameterName": "舒適至悶熱"
         }
        },
        {
         "startTime": "2024-08-31T06:00:00+08:00",
         "endTime": "2024-08-31T18:00:00+08:00",
         "parameter": {
          "parameterName": "舒適至悶熱"
         }
        }
       ]
      },
      {
       "elementName": "PoP",
       "time": [
        {
         "startTime": "2024-08-30T06:00:00+08:00",
         "endTime": "2024-08-30T18:00:00+08:00",
         "parameter": {
          "parameterName": "20",
          "parameterUnit": "百分比"
         }
        },
        {
         "startTime": "2024-08-30T18:00:00+08:00",
         "endTime": "2024-08-31T06:00:00+08:00",
         "parameter": {
          "parameterName": "10",
          "parameterUnit": "百分比"
         }
        },
        {
         "startTime": "2024-08-31T06:00:00+08:00",
         "endTime": "2024-08-31T18:00:00+08:00",
         "parameter": {
          "parameterName": "20",
          "parameterUnit": "百分比"
         }
        }
       ]
      }
     ]
    },
    {
     "locationName": "金門縣",
     "weatherElement": [
      {
       "elementName": "Wx",
       "time": [
        {
         "startTime": "2024-08-30T06:00:00+08:00",
         "endTime": "2024-08-30T18:00:00+08:00",
         "parameter": {
          "parameterName": "晴時多雲",
          "parameterValue": "2"
         }
        },
        {
         "startTime": "2024-08-30T18:00:00+08:00",
         "endTime": "2024-08-31T06:00:00+08:00",
         "parameter": {
          "parameterName": "晴時多雲",
          "parameterValue": "2"
         }
        },
        {
         "startTime": "2024-08-31T06:00:00+08:00",
         "endTime": "2024-08-31T18:00:00+08:00",
         "parameter": {
          "parameterName": "晴時多雲",
          "parameterValue": "2"
         }
        }
       ]
      },
      {
       "elementName": "MaxT",
       "time": [
        {
         "startTime": "2024-08-30T06:00:00+08:00",
         "endTime": "2024-08-30T18:00:00+08:00",
         "parameter": {
          "parameterName": "32",
          "parameterUnit": "C"
         }
        },
        {
         "startTime": "2024-08-30T18:00:00+08:00",
         "endTime": "2024-08-31T06:00:00+08:00",
         "parameter": {
          "parameterName": "28",
          "parameterUnit": "C"
         }
        },
        {
         "startTime": "2024-08-31T06:00:00+08:00",
         "endTime": "2024-08-31T18:00:00+08:00",
         "parameter": {
          "parameterName": "32",
          "parameterUnit": "C"
         }
        }
       ]
      },
      {
       "elementName": "MinT",
       "time": [
        {
         "startTime": "2024-08-30T06:00:00+08:00",
         "endTime": "2024-08-30T18:00:00+08:00",
         "parameter": {
          "parameterName": "26",
          "parameterUnit": "C"
         }
        },
        {
         "startTime": "2024-08-30T18:00:00+08:00",
         "endTime": "2024-08-31T06:00:00+08:00",
         "parameter": {
          "parameterName": "26",
          "parameterUnit": "C"
         }
        },
        {
         "startTime": "2024-08-31T06:00:00+08:00",
         "endTime": "2024-08-31T18:00:00+08:00",
         "parameter": {
          "parameterName": "26",
          "parameterUnit": "C"
         }
        }
       ]
      },
      {
       "elementName": "CI",
       "time": [
        {
         "startTime": "2024-08-30T06:00:00+08:00",
         "endTime": "2024-08-30T18:00:00+08:00",
         "parameter": {
          "parameterName": "舒適至悶熱"
         }
        },
        {
         "startTime": "2024-08-30T18:00:00+08:00",
         "endTime": "2024-08-31T06:00:00+08:00",
         "parameter": {
          "parameterName": "舒適至悶熱"
         }
        },
        {
         "startTime": "2024-08-31T06:00:00+08:00",
         "endTime": "2024-08-31T18:00:00+08:00",
         "parameter": {
          "parameterName": "舒適至悶熱"
         }
        }
       ]
      },
      {
       "elementName": "PoP",
       "time": [
        {
         "startTime": "2024-08-30T06:00:00+08:00",
         "endTime": "2024-08-30T18:00:00+08:00",
         "parameter": {
          "parameterName": "20",
          "parameterUnit": "百分比"
         }
        },
        {
         "startTime": "2024-08-30T18:00:00+08:00",
         "endTime": "2024-08-31T06:00:00+08:00",
         "parameter": {
          "parameterName": "10",
          "parameterUnit": "百分比"
         }
        },
        {
         "startTime": "2024-08-31T06:00:00+08:00",
         "endTime": "2024-08-31T18:00:00+08:00",
         "parameter": {
          "parameterName": "20",
          "parameterUnit": "百分比"
         }
        }
       ]
      }
     ]
    },
    {
     "locationName": "連江縣",
     "weatherElement": [
      {
       "elementName": "Wx",
       "time": [
        {
         "startTime": "2024-08-30T06:00:00+08:00",
         "endTime": "2024-08-30T18:00:00+08:00",
         "parameter": {
          "parameterName": "晴時多雲",
          "parameterValue": "2"
         }
        },
        {
         "startTime": "2024-08-30T18:00:00+08:00",
         "endTime": "2024-08-31T06:00:00+08:00",
         "parameter": {
          "parameterName": "晴時多雲",
          "parameterValue": "2"
         }
        },
        {
         "startTime": "2024-08-31T06:00:00+08:00",
         "endTime": "2024-08-31T18:00:00+08:00",
         "parameter": {
          "parameterName": "晴時多雲",
          "parameterValue": "2"
         }
        }
       ]
      },
      {
       "elementName": "MaxT",
       "time": [
        {
         "startTime": "2024-08-30T06:00:00+08:00",
         "endTime": "2024-08-30T18:00:00+08:00",
         "parameter": {
          "parameterName": "31",
          "parameterUnit": "C"
         }
        },
        {
         "startTime": "2024-08-30T18:00:00+08:00",
         "endTime": "2024-08-31T06:00:00+08:00",
         "parameter": {
          "parameterName": "28",
          "parameterUnit": "C"
         }
        },
        {
         "startTime": "2024-08-31T06:00:00+08:00",
         "endTime": "2024-08-31T18:00:00+08:00",
         "parameter": {
          "parameterName": "31",
          "parameterUnit": "C"
         }
        }
       ]
      },
      {
       "elementName": "MinT",
       "time": [
        {
         "startTime": "2024-08-30T06:00:00+08:00",
         "endTime": "2024-08-30T18:00:00+08:00",
         "parameter": {
          "parameterName": "27",
          "parameterUnit": "C"
         }
        },
        {
         "startTime": "2024-08-30T18:00:00+08:00",
         "endTime": "2024-08-31T06:00:00+08:00",
         "parameter": {
          "parameterName": "27",
          "parameterUnit": "C"
         }
        },
        {
         "startTime": "2024-08-31T06:00:00+08:00",
         "endTime": "2024-08-31T18:00:00+08:00",
         "parameter": {
          "parameterName": "27",
          "parameterUnit": "C"
         }
        }
       ]
      },
      {
       "elementName": "CI",
       "time": [
        {
         "startTime": "2024-08-30T06:00:00+08:00",
         "endTime": "2024-08-30T18:00:00+08:00",
         "parameter": {
          "parameterName": "舒適至悶熱"
         }
        },
        {
         "startTime": "2024-08-30T18:00:00+08:00",
         "endTime": "2024-08-31T06:00:00+08:00",
         "parameter": {
          "parameterName": "舒適至悶熱"
         }
        },
        {
         "startTime": "2024-08-31T06:00:00+08:00",
         "endTime": "2024-08-31T18:00:00+08:00",
         "parameter": {
          "parameterName": "舒適至悶熱"
         }
        }
       ]
      },
      {
       "elementName": "PoP",
       "time": [
        {
         "startTime": "2024-08-30T06:00:00+08:00",
         "endTime": "2024-08-30T18:00:00+08:00",
         "parameter": {
          "parameterName": "20",
          "parameterUnit": "百分比"
         }
        },
        {
         "startTime": "2024-08-30T18:00:00+08:00",
         "endTime": "2024-08-31T06:00:00+08:00",
         "parameter": {
          "parameterName": "10",
          "parameterUnit": "百分比"
         }
        },
        {
         "startTime": "2024-08-31T06:00:00+08:00",
         "endTime": "2024-08-31T18:00:00+08:00",
         "parameter": {
          "parameterName": "20",
          "parameterUnit": "百分比"
         }
        }
       ]
      }
     ]
    }
   ]
  }
 }
}